{
  "heroes": [
    {
      "id": 1,
      "name": "Cyclops",
      "alterEgo": "Scott Summers",
      "abilities": ["Optic force blasts", "Master tactician"]
    },
    {
      "id": 2,
      "name": "Marvel Girl",
      "alterEgo": "Jean Grey",
      "abilities": ["Telekinesis", "Telepathy", "Astral projection"]
    },
    {
      "id": 3,
      "name": "Beast",
      "alterEgo": "Hank McCoy",
      "abilities": [
        "Genius-level intellect",
        "Animal-like physiology with enhanced physical attributes and sharp claws and teeth"
      ]
    },
    {
      "id": 4,
      "name": "Angel",
      "alterEgo": "Warren Worthington III",
      "abilities": [
        "Flight via feathered wings and hollow bones",
        "Aerial adaptation",
        "Enhanced physical prowess"
      ]
    },
    {
      "id": 5,
      "name": "Iceman",
      "alterEgo": "Bobby Drake",
      "abilities": [
        "Cold and ice manipulation",
        "Ability to assume an enhanced physical form made of solid ice"
      ]
    }
  ]
}
